{"stats":{"minecraft:killed_by":{"minecraft:player":2},"minecraft:mined":{"minecraft:grass":2,"minecraft:grass_block":2,"minecraft:birch_leaves":1},"minecraft:used":{"alexsmobs:animal_dictionary":1},"minecraft:picked_up":{"minecraft:wheat_seeds":1,"minecraft:dirt":2},"minecraft:custom":{"minecraft:jump":135,"minecraft:time_since_rest":2377,"enigmaticlegacy:play_time_with_seven_curses":12831,"minecraft:damage_dealt":1008,"minecraft:deaths":3,"minecraft:sprint_one_cm":8162,"minecraft:play_time":15806,"minecraft:damage_taken":1307,"minecraft:time_since_death":2337,"minecraft:walk_one_cm":33192,"enigmaticlegacy:play_time_without_seven_curses":2854,"minecraft:total_world_time":15806,"minecraft:fall_one_cm":8205,"minecraft:fly_one_cm":10683,"minecraft:leave_game":1}},"DataVersion":3465}