{"stats":{"minecraft:killed_by":{"seadwellers:mermorph_cavern":1,"pots_and_mimics:poison_pot_crab":1,"grimoireofgaia:satyress":2,"grimoireofgaia:mandragora":1,"grimoireofgaia:flesh_lich":1},"minecraft:mined":{"iceandfire:silver_ore":5,"minecraft:deepslate_diamond_ore":1,"minecraft:granite":2,"minecraft:grass_block":1,"seadwellers:aquamarine_crystal":1,"biomesoplenty:high_grass_plant":5,"minecraft:tall_grass":2,"minecraft:birch_log":4,"minecraft:iron_ore":2,"minecraft:andesite":1,"minecraft:grass":9,"minecraft:coal_ore":21,"biomesoplenty:high_grass":8,"minecraft:dirt":1,"minecraft:stone":63,"pots_and_mimics:treasure_pot":2},"minecraft:killed":{"alexsmobs:lobster":2,"born_in_chaos_v1:zombie_lumberjack":1,"alexsmobs:seal":4,"grimoireofgaia:mandragora":1},"minecraft:custom":{"enigmaticlegacy:play_time_with_seven_curses":0,"minecraft:interact_with_furnace":20,"minecraft:mob_kills":8,"enigmaticlegacy:play_time_without_seven_curses":29559,"minecraft:interact_with_crafting_table":11,"minecraft:time_since_death":761,"minecraft:time_since_rest":797,"minecraft:sprint_one_cm":118933,"minecraft:damage_taken":1758,"minecraft:walk_one_cm":83907,"minecraft:drop":13,"minecraft:damage_dealt":2202,"minecraft:swim_one_cm":97867,"minecraft:fly_one_cm":111303,"minecraft:player_kills":1,"minecraft:open_chest":1,"minecraft:crouch_one_cm":872,"minecraft:deaths":6,"minecraft:play_time":29759,"minecraft:sneak_time":337,"minecraft:walk_under_water_one_cm":27311,"minecraft:jump":379,"minecraft:walk_on_water_one_cm":28038,"minecraft:total_world_time":29759,"minecraft:interact_with_smoker":4,"minecraft:fall_one_cm":9522},"minecraft:crafted":{"born_in_chaos_v1:smoked_fish":6,"iceandfire:silver_ingot":6,"minecraft:crafting_table":2,"minecraft:wooden_pickaxe":1,"minecraft:furnace":2,"easy_hammers:stone_hammer":1,"minecraft:birch_planks":120,"minecraft:stone_axe":1,"minecraft:air":0,"iceandfire:armor_silver_metal_helmet":1,"minecraft:charcoal":5,"minecraft:stick":12,"minecraft:iron_pickaxe":1,"minecraft:iron_ingot":2,"minecraft:stone_pickaxe":1,"minecraft:stone_sword":1,"minecraft:chest":4,"minecraft:torch":4},"minecraft:picked_up":{"minecraft:birch_log":40,"minecraft:andesite":1,"minecraft:lapis_lazuli":1,"minecraft:dirt":3,"minecraft:raw_copper":3,"minecraft:raw_gold":2,"minecraft:iron_ingot":1,"minecraft:iron_nugget":1,"minecraft:birch_sapling":1,"minecraft:raw_iron":2,"minecraft:acacia_log":2,"enigmaticlegacy:enigmatic_amulet":1,"alexsmobs:animal_dictionary":1,"minecraft:stone_sword":2,"minecraft:rotten_flesh":1,"minecraft:diamond":1,"born_in_chaos_v1:sea_terror_eye":2,"minecraft:granite":2,"knightquest:small_essence":1,"born_in_chaos_v1:spiny_shell":1,"born_in_chaos_v1:rotten_fish":12,"grimoireofgaia:bag_record":1,"minecraft:coal":20,"iceandfire:raw_silver":5,"alexsmobs:lobster_tail":1,"minecraft:cobblestone":62},"minecraft:dropped":{"minecraft:stone_sword":2,"alexsmobs:animal_dictionary":2,"born_in_chaos_v1:rotten_fish":12,"born_in_chaos_v1:sea_terror_eye":2,"enigmaticlegacy:cursed_ring":1,"ars_nouveau:worn_notebook":1,"born_in_chaos_v1:spiny_shell":1,"knightquest:small_essence":1,"enigmaticlegacy:enigmatic_amulet":2},"minecraft:used":{"minecraft:stone_sword":35,"minecraft:stone_pickaxe":90,"minecraft:wooden_pickaxe":3,"minecraft:chest":4,"born_in_chaos_v1:smoked_fish":6,"minecraft:dirt":2,"minecraft:crafting_table":2,"iceandfire:armor_silver_metal_helmet":1,"minecraft:iron_pickaxe":5,"minecraft:stone_axe":19,"minecraft:furnace":2}},"DataVersion":3465}