{"stats":{"minecraft:killed_by":{"minecraft:player":1,"born_in_chaos_v1:glutton_fish":1,"born_in_chaos_v1:corpse_fish":1,"born_in_chaos_v1:zombie_lumberjack":1},"minecraft:mined":{"iceandfire:silver_ore":12,"minecraft:glow_lichen":1,"minecraft:grass_block":2,"biomesoplenty:high_grass_plant":11,"minecraft:copper_ore":11,"minecraft:furnace":1,"minecraft:birch_log":12,"minecraft:iron_ore":3,"minecraft:grass":10,"minecraft:coal_ore":8,"biomesoplenty:high_grass":7,"minecraft:dirt":1,"minecraft:stone":59,"pots_and_mimics:treasure_pot":2},"minecraft:killed":{"born_in_chaos_v1:glutton_fish":1,"born_in_chaos_v1:maggot":1,"minecraft:skeleton":1,"grimoireofgaia:mimic":1,"born_in_chaos_v1:corpse_fish":1,"minecraft:drowned":1},"minecraft:custom":{"enigmaticlegacy:play_time_with_seven_curses":0,"minecraft:interact_with_furnace":13,"minecraft:mob_kills":6,"enigmaticlegacy:play_time_without_seven_curses":29507,"minecraft:interact_with_crafting_table":9,"minecraft:time_since_death":11981,"minecraft:time_since_rest":12011,"minecraft:sprint_one_cm":98638,"minecraft:damage_taken":1634,"minecraft:walk_one_cm":97238,"minecraft:drop":6,"minecraft:damage_dealt":1665,"minecraft:swim_one_cm":69458,"minecraft:fly_one_cm":76832,"minecraft:open_chest":3,"minecraft:crouch_one_cm":172,"minecraft:sneak_time":308,"minecraft:play_time":29645,"minecraft:deaths":4,"minecraft:walk_under_water_one_cm":33211,"minecraft:jump":310,"minecraft:walk_on_water_one_cm":28737,"minecraft:total_world_time":29645,"minecraft:interact_with_smoker":4,"minecraft:fall_one_cm":5943},"minecraft:crafted":{"born_in_chaos_v1:smoked_fish":7,"iceandfire:silver_ingot":11,"minecraft:wooden_pickaxe":1,"minecraft:furnace":2,"minecraft:birch_planks":24,"minecraft:stone_axe":1,"minecraft:air":0,"iceandfire:armor_silver_metal_helmet":1,"born_in_chaos_v1:fried_maggot":1,"minecraft:stick":8,"minecraft:stone_pickaxe":1,"minecraft:gold_ingot":2,"minecraft:stone_sword":1,"minecraft:chest":1,"iceandfire:armor_silver_metal_boots":1,"minecraft:smoker":1},"minecraft:picked_up":{"minecraft:birch_log":11,"born_in_chaos_v1:corpse_maggot":1,"minecraft:glow_ink_sac":1,"minecraft:salmon":2,"minecraft:enchanted_book":1,"seadwellers:aquamarine":1,"minecraft:dirt":2,"minecraft:raw_copper":41,"minecraft:bone":1,"minecraft:iron_nugget":1,"minecraft:birch_sapling":6,"minecraft:furnace":1,"minecraft:raw_iron":3,"minecraft:stick":3,"enigmaticlegacy:enigmatic_amulet":1,"alexsmobs:animal_dictionary":1,"minecraft:stone_sword":1,"minecraft:arrow":4,"minecraft:rotten_flesh":2,"minecraft:slime_ball":2,"enigmaticlegacy:cursed_ring":1,"minecraft:diamond":1,"born_in_chaos_v1:sea_terror_eye":2,"ars_nouveau:worn_notebook":1,"knightquest:small_essence":3,"born_in_chaos_v1:spiny_shell":2,"born_in_chaos_v1:rotten_fish":15,"grimoireofgaia:bag_record":2,"minecraft:coal":5,"born_in_chaos_v1:sea_terror_stomach":1,"minecraft:cobblestone":60,"iceandfire:raw_silver":12},"minecraft:used":{"minecraft:stone_sword":6,"minecraft:stone_pickaxe":95,"minecraft:chest":1,"minecraft:wooden_pickaxe":3,"born_in_chaos_v1:smoked_fish":7,"born_in_chaos_v1:fried_maggot":1,"minecraft:smoker":1,"minecraft:birch_sapling":6,"minecraft:stone_axe":26,"minecraft:furnace":2},"minecraft:dropped":{"grimoireofgaia:bag_record":2,"minecraft:stone_sword":1,"seadwellers:aquamarine":1,"born_in_chaos_v1:spiny_shell":1,"knightquest:small_essence":1}},"DataVersion":3465}