{"stats":{"minecraft:mined":{"minecraft:oak_leaves":1},"minecraft:used":{"alexsmobs:animal_dictionary":2},"minecraft:custom":{"minecraft:jump":89,"minecraft:time_since_rest":15233,"enigmaticlegacy:play_time_with_seven_curses":12774,"minecraft:leave_game":1,"minecraft:damage_dealt":940,"minecraft:crouch_one_cm":507,"minecraft:sprint_one_cm":11471,"minecraft:play_time":15233,"minecraft:damage_taken":1028,"minecraft:time_since_death":15233,"minecraft:walk_one_cm":35773,"minecraft:sneak_time":156,"enigmaticlegacy:play_time_without_seven_curses":2459,"minecraft:total_world_time":15233,"minecraft:fall_one_cm":5931,"minecraft:fly_one_cm":15476,"minecraft:player_kills":2}},"DataVersion":3465}